[{"user":"denasia","pwd":"$2b$10$dA8jFWlkDZlsvSxROwwxGO/FKkgJCZHQ0KziFWCKd2rzHlgtZH5aG","userCode":1,"refreshToken":"eyJhbGciOiJIUzI1NiIsInR5cCI6IkpXVCJ9.eyJ1c2VyIjoiZGVuYXNpYSIsImlhdCI6MTcwOTA5OTYyNywiZXhwIjoxNzA5MTg2MDI3fQ.Qy18V96PyL1h8gEml4Q9Xv0o9CUHjAX0Kqdq-Zk86EQ"},{"user":"mason","pwd":"$2b$10$UemheqBap9J.Tcuf/wIUfe2RfVyCQzniLCkBAWhHnNP/e1Mkz4YLW","userCode":999,"refreshToken":"eyJhbGciOiJIUzI1NiIsInR5cCI6IkpXVCJ9.eyJ1c2VyIjoibWFzb24iLCJpYXQiOjE3MDkwOTk2OTAsImV4cCI6MTcwOTE4NjA5MH0.eJLe7Jv6BpdzEvg8qpWMFt8upEOH00FM2xTVv_gmp84"}]